{"eval/loss": 1.4325048923492432, "eval/accuracy": 0.7987012987012987, "eval/f1": 0.7950491353399598, "eval/precision": 0.8115489422372603, "eval/recall": 0.7987012987012987, "eval/total_incorrect": 620, "eval/incorrect_above_threshold": 96, "eval/incorrect_below_threshold": 524, "eval/runtime": 13.4761, "eval/samples_per_second": 228.553, "eval/steps_per_second": 1.855, "train/epoch": 100.0, "train/global_step": 400, "_timestamp": 1703911670.5862608, "_runtime": 466.2772216796875, "_step": 0, "_wandb": {"runtime": 479}}