{"eval/loss": 1.4530524015426636, "eval/accuracy": 0.8081168831168831, "eval/f1": 0.8047711064955069, "eval/precision": 0.8255431299184159, "eval/recall": 0.8081168831168831, "eval/total_incorrect": 591, "eval/incorrect_above_threshold": 281, "eval/incorrect_below_threshold": 310, "eval/runtime": 13.4413, "eval/samples_per_second": 229.144, "eval/steps_per_second": 1.86, "train/epoch": 2.64, "train/global_step": 800, "_timestamp": 1704269157.9231637, "_runtime": 745.3794286251068, "_step": 2, "train/loss": 1.924, "train/learning_rate": 8.750000000000001e-06, "_wandb": {"runtime": 751}}