{"eval/loss": 1.4705309867858887, "eval/accuracy": 0.8159090909090909, "eval/f1": 0.8128656817226004, "eval/precision": 0.8363435285179878, "eval/recall": 0.8159090909090909, "eval/total_incorrect": 567, "eval/incorrect_above_threshold": 328, "eval/incorrect_below_threshold": 239, "eval/runtime": 5.8136, "eval/samples_per_second": 529.789, "eval/steps_per_second": 4.3, "train/epoch": 2.22, "train/global_step": 2800, "_timestamp": 1704268851.0664792, "_runtime": 1460.3261473178864, "_step": 11, "train/loss": 0.8217, "train/learning_rate": 3.7500000000000005e-06, "_wandb": {"runtime": 1467}}