{"eval/loss": 1.572721242904663, "eval/accuracy": 0.7672077922077922, "eval/f1": 0.7624798409987669, "eval/precision": 0.7970025162404488, "eval/recall": 0.7672077922077922, "eval/total_incorrect": 717, "eval/incorrect_above_threshold": 319, "eval/incorrect_below_threshold": 398, "eval/runtime": 13.5536, "eval/samples_per_second": 227.246, "eval/steps_per_second": 1.845, "train/epoch": 2.33, "train/global_step": 800, "_timestamp": 1703911065.3231409, "_runtime": 1178.594034910202, "_step": 2, "train/loss": 1.6266, "train/learning_rate": 8.750000000000001e-06, "_wandb": {"runtime": 1192}}