{"eval/loss": 1.4955642223358154, "eval/accuracy": 0.8162337662337662, "eval/f1": 0.8148431554562647, "eval/precision": 0.8368166912599986, "eval/recall": 0.8162337662337662, "eval/total_incorrect": 566, "eval/incorrect_above_threshold": 333, "eval/incorrect_below_threshold": 233, "eval/runtime": 5.6711, "eval/samples_per_second": 543.104, "eval/steps_per_second": 4.408, "train/epoch": 10.56, "train/global_step": 3200, "_timestamp": 1704185293.3059866, "_runtime": 1798.2025926113129, "_step": 13, "train/loss": 0.7781, "train/learning_rate": 2.5e-06, "_wandb": {"runtime": 1807}}