{"eval/loss": 0.9970300197601318, "eval/accuracy": 0.9266233766233766, "eval/f1": 0.9265358912850855, "eval/precision": 0.9309716641860465, "eval/recall": 0.9266233766233766, "eval/total_incorrect": 226, "eval/incorrect_above_threshold": 86, "eval/incorrect_below_threshold": 140, "eval/runtime": 13.6278, "eval/samples_per_second": 226.008, "eval/steps_per_second": 1.834, "train/epoch": 5.88, "train/global_step": 400, "_timestamp": 1704181454.1456463, "_runtime": 595.1317703723907, "_step": 0, "_wandb": {"runtime": 633}}