{"eval/loss": 1.558572769165039, "eval/accuracy": 0.7818181818181819, "eval/f1": 0.7803981227393746, "eval/precision": 0.8081895586696747, "eval/recall": 0.7818181818181819, "eval/total_incorrect": 672, "eval/incorrect_above_threshold": 340, "eval/incorrect_below_threshold": 332, "eval/runtime": 14.6269, "eval/samples_per_second": 210.571, "eval/steps_per_second": 1.709, "train/epoch": 4.66, "train/global_step": 1600, "_timestamp": 1703912400.5779169, "_runtime": 2505.6755559444427, "_step": 6, "train/loss": 0.8194, "train/learning_rate": 6.25e-06, "_wandb": {"runtime": 7575}}