{"eval/loss": 1.5419731140136719, "eval/accuracy": 0.8116883116883117, "eval/f1": 0.8094939244792827, "eval/precision": 0.8309530654220956, "eval/recall": 0.8116883116883117, "eval/total_incorrect": 580, "eval/incorrect_above_threshold": 358, "eval/incorrect_below_threshold": 222, "eval/runtime": 13.7368, "eval/samples_per_second": 224.215, "eval/steps_per_second": 1.82, "train/epoch": 13.2, "train/global_step": 4000, "_timestamp": 1704084379.509328, "_runtime": 5792.404964923859, "_step": 18, "train/loss": 0.7693, "train/learning_rate": 0.0, "train/train_runtime": 5778.5385, "train/train_samples_per_second": 88.604, "train/train_steps_per_second": 0.692, "train/total_flos": 4.765184449201336e+17, "train/train_loss": 0.9341298217773437, "_wandb": {"runtime": 5791}}