{"eval/loss": 2.53497576713562, "eval/runtime": 14.9208, "eval/samples_per_second": 206.423, "eval/steps_per_second": 1.676, "train/epoch": 0.17, "train/global_step": 60, "_timestamp": 1703908083.5282989, "_runtime": 147.61634993553162, "_step": 1, "_wandb": {"runtime": 180}}