{"eval/loss": 1.4491697549819946, "eval/accuracy": 0.8418831168831169, "eval/f1": 0.8411467916691402, "eval/precision": 0.8554726788331471, "eval/recall": 0.8418831168831169, "eval/total_incorrect": 487, "eval/confusion error": 322, "eval/uncertainty error": 165, "eval/runtime": 6.107, "eval/samples_per_second": 504.338, "eval/steps_per_second": 4.094, "train/epoch": 25.64, "train/global_step": 4000, "_timestamp": 1704343709.807327, "_runtime": 2257.1140761375427, "_step": 18, "train/loss": 0.7557, "train/learning_rate": 0.0, "train/train_runtime": 2248.7022, "train/train_samples_per_second": 227.687, "train/train_steps_per_second": 1.779, "train/total_flos": 1.1368554898215216e+17, "train/train_loss": 0.897268081665039, "_wandb": {"runtime": 2256}}