{"eval/loss": 1.4611124992370605, "eval/accuracy": 0.8224025974025974, "eval/f1": 0.8208906397350482, "eval/precision": 0.8384759668301215, "eval/recall": 0.8224025974025974, "eval/total_incorrect": 547, "eval/incorrect_above_threshold": 306, "eval/incorrect_below_threshold": 241, "eval/runtime": 13.3973, "eval/samples_per_second": 229.897, "eval/steps_per_second": 1.866, "train/epoch": 6.49, "train/global_step": 2000, "_timestamp": 1704185236.0312164, "_runtime": 1846.492731332779, "_step": 8, "train/loss": 0.7785, "train/learning_rate": 5e-06, "_wandb": {"runtime": 2016}}