{"eval/loss": 0.9852968454360962, "eval/accuracy": 0.7714285714285715, "eval/f1": 0.7663179341284871, "eval/precision": 0.7972680898659428, "eval/recall": 0.7714285714285715, "eval/runtime": 14.7325, "eval/samples_per_second": 209.061, "eval/steps_per_second": 1.697, "train/epoch": 1.46, "train/global_step": 500, "_timestamp": 1703909084.5525343, "_runtime": 798.3433494567871, "_step": 1, "train/loss": 0.8226, "train/learning_rate": 1.7500000000000002e-05, "_wandb": {"runtime": 983}}