{"eval/loss": 1.6233644485473633, "eval/accuracy": 0.7857142857142857, "eval/f1": 0.7859178597485895, "eval/precision": 0.8137423750937715, "eval/recall": 0.7857142857142857, "eval/total_incorrect": 660, "eval/incorrect_above_threshold": 410, "eval/incorrect_below_threshold": 250, "eval/runtime": 13.42, "eval/samples_per_second": 229.508, "eval/steps_per_second": 1.863, "train/epoch": 12.7, "train/global_step": 4000, "_timestamp": 1703985086.5769174, "_runtime": 5816.364187479019, "_step": 18, "train/loss": 0.7966, "train/learning_rate": 0.0, "train/train_runtime": 5803.5143, "train/train_samples_per_second": 88.222, "train/train_steps_per_second": 0.689, "train/total_flos": 4.7694537764581786e+17, "train/train_loss": 0.9913390579223633, "_wandb": {"runtime": 5815}}