{"eval/loss": 1.4677393436431885, "eval/accuracy": 0.8344155844155844, "eval/f1": 0.8333558066346722, "eval/precision": 0.8483107962870485, "eval/recall": 0.8344155844155844, "eval/total_incorrect": 510, "eval/confusion error": 358, "eval/uncertainty error": 152, "eval/runtime": 5.7475, "eval/samples_per_second": 535.883, "eval/steps_per_second": 4.35, "train/epoch": 12.99, "train/global_step": 4000, "_timestamp": 1704341385.3906956, "_runtime": 2300.0271105766296, "_step": 18, "train/loss": 0.7621, "train/learning_rate": 0.0, "train/train_runtime": 2291.2327, "train/train_samples_per_second": 223.46, "train/train_steps_per_second": 1.746, "train/total_flos": 1.1532920065021904e+17, "train/train_loss": 0.9032447204589844, "_wandb": {"runtime": 2299}}